#{"env_id": "HalfCheetah-v2", "t_start": 1579125029.642961}
r,l,t
-288.312272,1000,16.105884
-262.080904,1000,23.151433
