param_noise_stddev,train/loss_actor,total/episodes,reference_perturbed_action_mean,reference_action_mean,total/duration,train/loss_critic,rollout/episodes,reference_action_std,reference_Q_std,reference_perturbed_action_std,rollout/return,total/steps_per_second,obs_rms_std,rollout/actions_mean,reference_actor_Q_mean,rollout/return_history,train/param_noise_distance,rollout/Q_mean,rollout/actions_std,total/steps,reference_Q_mean,total/epochs,obs_rms_mean,reference_actor_Q_std,rollout/episode_steps
0.1639088940674591,0.7029805183410645,2.0,0.07421014457941055,-0.10940923541784286,15.510262727737427,0.17002739012241364,2.0,0.8280732035636902,1.5433671474456787,0.7269922494888306,-275.19658810885403,128.94688085607638,2.1516120433807373,0.08199235796928406,-0.464039146900177,-275.19658810885403,0.6124618053436279,-0.6070690155029297,0.6704658269882202,2000,-0.8621077537536621,1,0.10790890455245972,1.3856807947158813,1000.0
