{"param_noise_stddev": 0.1639088940674591, "reference_perturbed_action_std": 0.7269922494888306, "train/loss_critic": 0.17002739012241364, "rollout/return_history": -275.19658810885403, "rollout/return": -275.19658810885403, "total/steps_per_second": 128.94688085607638, "obs_rms_std": 2.1516120433807373, "rollout/actions_mean": 0.08199235796928406, "reference_actor_Q_mean": -0.464039146900177, "total/episodes": 2.0, "reference_perturbed_action_mean": 0.07421014457941055, "reference_action_mean": -0.10940923541784286, "total/duration": 15.510262727737427, "train/param_noise_distance": 0.6124618053436279, "rollout/Q_mean": -0.6070690155029297, "rollout/actions_std": 0.6704658269882202, "total/steps": 2000, "train/loss_actor": 0.7029805183410645, "reference_Q_mean": -0.8621077537536621, "rollout/episodes": 2.0, "total/epochs": 1, "obs_rms_mean": 0.10790890455245972, "reference_action_std": 0.8280732035636902, "reference_actor_Q_std": 1.3856807947158813, "reference_Q_std": 1.5433671474456787, "rollout/episode_steps": 1000.0}
