#{"t_start": 1592513674.2112079, "env_id": "HalfCheetah-v2"}
r,l,t
-0.917321,1000,10.043649
-218.578568,1000,13.718174
