{"rollout/actions_mean": -0.07298023253679276, "learner": "0", "rollout/Q_mean": -0.28685462474823, "param_noise_stddev": 0.1639088940674591, "rollout/return_lateset": -218.57856842163173, "rollout/return_history": -109.74794478094479, "reference_actor_Q_std": 0.5106608867645264, "reference_actor_Q_mean": -0.019803065806627274, "total/epochs": 1, "rollout/episode_steps": 1000.0, "total/duration": 11.283020973205566, "train/loss_actor": -0.019693752750754356, "rollout/actions_std": 0.4881898760795593, "train/loss_critic": 0.05103885009884834, "reference_perturbed_action_mean": 0.06515481323003769, "train/param_noise_distance": 0.6175041794776917, "reference_action_std": 0.8567761182785034, "reference_Q_mean": -0.2720552682876587, "reference_action_mean": 0.11446813493967056, "obs_rms_std": 1.091582179069519, "train/loss_distillation": 0.0, "rollout/return": -109.74794478094479, "total/steps_per_second": 177.25749200941078, "reference_Q_std": 0.6261265873908997, "rollout/episodes": 2.0, "reference_perturbed_action_std": 0.73982173204422, "total/steps": 2000, "obs_rms_mean": 0.01476841140538454, "total/episodes": 2.0}
