#{"t_start": 1592516098.9822865, "env_id": "HalfCheetah-v2"}
r,l,t--562.137897,1000,7.203367
-643.714571,1000,8.14712
-633.217183,1000,10.291879
-692.188136,1000,11.271215
