{"serial_timesteps": 2048, "nupdates": 1, "total_timesteps": 2048, "fps": 583, "explained_variance": -0.9939404726028442, "eprewmean": -711.043725, "eplenmean": 1000.0, "time_elapsed": 4.826851844787598, "agent": "agent_0", "policy_loss": -0.007142234593629837, "value_loss": 0.4150627553462982, "policy_entropy": 8.509246826171875, "approxkl": 0.0011598936980590224, "clipfrac": 0.0040039061568677425}
{"serial_timesteps": 2048, "nupdates": 1, "total_timesteps": 2048, "fps": 607, "explained_variance": -0.6496433019638062, "eprewmean": -602.926234, "eplenmean": 1000.0, "time_elapsed": 6.885353088378906, "agent": "agent_1", "policy_loss": -0.006051225587725639, "value_loss": 0.46243372559547424, "policy_entropy": 8.507865905761719, "approxkl": 0.0009389783954247832, "clipfrac": 0.0021484375465661287}
