#{"t_start": 1592516099.6581624, "env_id": "HalfCheetah-v2"}
r,l,t
-669.570428,1000,6.651877
-628.195055,1000,7.521999
-621.314155,1000,9.624685
-563.491722,1000,10.56749
