{"serial_timesteps": 2048, "nupdates": 1, "total_timesteps": 2048, "fps": 618, "explained_variance": -0.6247373819351196, "eprewmean": -575.6321634999999, "eplenmean": 1000.0, "time_elapsed": 4.488050699234009, "agent": "agent_0", "policy_loss": -0.008993738330900669, "value_loss": 0.39998453855514526, "policy_entropy": 8.503117561340332, "approxkl": 0.0015708690043538809, "clipfrac": 0.008496093563735485}
{"serial_timesteps": 2048, "nupdates": 1, "total_timesteps": 2048, "fps": 668, "explained_variance": -1.4589526653289795, "eprewmean": -648.8827415000001, "eplenmean": 1000.0, "time_elapsed": 6.374310255050659, "agent": "agent_1", "policy_loss": -0.008065363392233849, "value_loss": 0.5402148365974426, "policy_entropy": 8.511491775512695, "approxkl": 0.0012741705868393183, "clipfrac": 0.005078124813735485}
