#{"t_start": 1592516099.2796738, "env_id": "HalfCheetah-v2"}
r,l,t
-659.951958,1000,7.12717
-661.964235,1000,8.036082

-734.9281,1000,10.155699
-672.691204,1000,11.045378
