{"serial_timesteps": 2048, "nupdates": 1, "total_timesteps": 2048, "fps": 580, "explained_variance": -0.9799625873565674, "eprewmean": -598.698404, "eplenmean": 1000.0, "time_elapsed": 4.819871425628662, "agent": "agent_0", "policy_loss": -0.007881050929427147, "value_loss": 0.34553033113479614, "policy_entropy": 8.517721176147461, "approxkl": 0.0013126645935699344, "clipfrac": 0.007373047061264515}
{"serial_timesteps": 2048, "nupdates": 1, "total_timesteps": 2048, "fps": 633, "explained_variance": -0.614161491394043, "eprewmean": -660.9580965, "eplenmean": 1000.0, "time_elapsed": 6.760001182556152, "agent": "agent_1", "policy_loss": -0.008802959695458412, "value_loss": 0.40245985984802246, "policy_entropy": 8.506040573120117, "approxkl": 0.0014934183564037085, "clipfrac": 0.008007812313735485}
